{"loss": [1.620360255241394, 1.0735992193222046, 0.8615227937698364, 0.6940208673477173, 0.5620757341384888, 0.48004209995269775, 0.4096836447715759, 0.3568955361843109, 0.2996303141117096, 0.25534170866012573], "accuracy": [0.3956613838672638, 0.6163492202758789, 0.6885185241699219, 0.7507407665252686, 0.7992592453956604, 0.8305820226669312, 0.8564550280570984, 0.8722751140594482, 0.8941270112991333, 0.9118518233299255], "val_loss": [1.327679991722107, 0.9874628186225891, 0.8376083374023438, 0.7439936995506287, 0.6800611019134521, 0.5860889554023743, 0.566024124622345, 0.5656088590621948, 0.5576106309890747, 0.6282687783241272], "val_accuracy": [0.503333330154419, 0.648888885974884, 0.7037037014961243, 0.746666669845581, 0.7611111402511597, 0.7948148250579834, 0.8125925660133362, 0.8085185289382935, 0.8237037062644958, 0.8025925755500793]}