{"loss": [1.6268254518508911, 1.1541744470596313, 0.9596480131149292, 0.7850773930549622, 0.6740145683288574, 0.595020055770874, 0.5114115476608276, 0.45185092091560364, 0.38330525159835815, 0.3493455946445465, 0.2950325608253479], "accuracy": [0.3715343773365021, 0.5678836107254028, 0.6524868011474609, 0.7201058268547058, 0.7563492059707642, 0.7841798663139343, 0.8168253898620605, 0.8389418125152588, 0.8658730387687683, 0.8761904835700989, 0.8971428275108337], "val_loss": [1.300910472869873, 1.067176342010498, 0.9939985871315002, 0.7770470976829529, 0.6891435980796814, 0.6273935437202454, 0.5919022560119629, 0.5637535452842712, 0.5648072957992554, 0.5979955196380615, 0.6475548148155212], "val_accuracy": [0.5014814734458923, 0.6159259080886841, 0.6455555558204651, 0.7196296453475952, 0.75, 0.7755555510520935, 0.7918518781661987, 0.8029629588127136, 0.813703715801239, 0.7970370650291443, 0.79666668176651]}